{
  "user": [
    {
      "id": "66b8",
      "name": "rakesh",
      "email": "rakesh595454@gmail.com",
      "phone": "668777",
      "password": "rocky3377"
    },
    {
      "id": "rocky",
      "email": "hshs@gmail.com",
      "phone": "9176595454",
      "password": "rocky3377"
    },
    {
      "id": "rakesh",
      "email": "shshhs@gmail.com",
      "phone": "9176595454",
      "password": "rocky3377"
    },
    {
      "id": "ramya",
      "email": "ramyahari176@gmail.com",
      "phone": "9884456825",
      "password": "RAMYA"
    },
    {
      "id": "rakesh",
      "email": "rakesh595454@gmail.com",
      "phone": "9176595454",
      "password": "rocky3377"
    },
    {
      "id": "rakesh",
      "email": "rakesh595454@gmail.com",
      "phone": "9176595454",
      "password": "rakesh3377"
    }
  ]
}